t_s,T_die,T_pkg,T_hs,freq_GHz,power_W,proj_perf,variant,T_little,workload_big
0.0,39.74852132641853,26.55315314890349,25.0,3.3,4.5,3.2702999999999998,2node_aggressive,,
5.0,46.67728651916752,29.404292702398052,25.0,3.3,4.5,3.2702999999999998,2node_aggressive,,
10.0,51.110387875325756,32.44566168045406,25.0,3.3,4.5,3.2702999999999998,2node_aggressive,,
15.0,54.62260778026722,35.36802484907076,25.0,3.3,4.5,3.2702999999999998,2node_aggressive,,
20.0,57.68997119130129,38.09469388487151,25.0,3.3,4.5,3.2702999999999998,2node_aggressive,,
25.0,60.46569244417167,40.61595475435153,25.0,3.3,4.5,3.2702999999999998,2node_aggressive,,
30.0,63.00739737660571,42.94068953445996,25.0,3.3,4.5,3.2702999999999998,2node_aggressive,,
35.0,65.34372055913092,45.0822954053354,25.0,3.3,4.5,3.2702999999999998,2node_aggressive,,
40.0,67.49387906719966,47.05463646584536,25.0,3.3,4.5,3.2702999999999998,2node_aggressive,,
45.0,69.47347565994883,48.87092644464411,25.0,3.3,4.5,3.2702999999999998,2node_aggressive,,
50.0,71.29626532662094,50.54346395920278,25.0,3.3,4.5,3.2702999999999998,2node_aggressive,,
55.0,72.97473489422065,52.08361239282644,25.0,3.3,4.5,3.2702999999999998,2node_aggressive,,
60.0,74.52033025677459,53.501846832615676,25.0,3.3,4.5,3.2702999999999998,2node_aggressive,,
65.0,75.94357590244965,54.80781645506276,25.0,3.0,4.5,3.008676,2node_aggressive,,
70.0,73.9767095349161,55.665262438354425,25.0,3.0,3.5,3.008676,2node_aggressive,,
75.0,73.64382269395641,56.13907167866275,25.0,3.0,3.5,3.008676,2node_aggressive,,
80.0,73.76999614656081,56.48294788302717,25.0,3.0,3.5,3.008676,2node_aggressive,,
85.0,74.01284044654393,56.77254900729499,25.0,3.0,3.5,3.008676,2node_aggressive,,
90.0,74.27353581967171,57.03130664076508,25.0,3.0,3.5,3.008676,2node_aggressive,,
95.0,74.52444695124846,57.2672633967578,25.0,3.0,3.5,3.008676,2node_aggressive,,
100.0,74.75867282261356,57.48386365612179,25.0,3.0,3.5,3.008676,2node_aggressive,,
105.0,74.97528750879505,57.68311954869303,25.0,3.0,3.5,3.008676,2node_aggressive,,
110.0,75.17502745146392,57.86654450040226,25.0,2.8,3.5,2.812458,2node_aggressive,,
115.0,73.06482150590588,57.79383118193798,25.0,2.8,2.8,2.812458,2node_aggressive,,
120.0,72.15647954418252,57.50583493507552,25.0,2.8,2.8,2.812458,2node_aggressive,,
125.0,71.6229441034602,57.17593569622414,25.0,2.8,2.8,2.812458,2node_aggressive,,
130.0,71.22030555346568,56.85321233531028,25.0,2.8,2.8,2.812458,2node_aggressive,,
135.0,70.87549186814928,56.55049180105992,25.0,2.8,2.8,2.812458,2node_aggressive,,
140.0,70.5655697239726,56.270111548855574,25.0,2.8,2.8,2.812458,2node_aggressive,,
145.0,70.28240416778296,56.011450827977995,25.0,2.8,2.8,2.812458,2node_aggressive,,
150.0,70.02230445707274,55.77312628784112,25.0,2.8,2.8,2.812458,2node_aggressive,,
155.0,69.78298437862591,55.55362647785294,25.0,3.0,2.8,3.008676,2node_aggressive,,
160.0,71.85687872496203,55.59309164342743,25.0,3.0,3.5,3.008676,2node_aggressive,,
165.0,72.7318231028505,55.850463145384694,25.0,3.0,3.5,3.008676,2node_aggressive,,
170.0,73.23461626758998,56.15215937114601,25.0,3.0,3.5,3.008676,2node_aggressive,,
175.0,73.60894945203485,56.44891150305196,25.0,3.0,3.5,3.008676,2node_aggressive,,
180.0,73.92769937763786,56.72771644072203,25.0,3.0,3.5,3.008676,2node_aggressive,,
185.0,74.21362122249388,56.9860741580944,25.0,3.0,3.5,3.008676,2node_aggressive,,
190.0,74.47468639339834,57.22445559783333,25.0,3.0,3.5,3.008676,2node_aggressive,,
195.0,74.71443517817391,57.4441061299621,25.0,3.0,3.5,3.008676,2node_aggressive,,
200.0,74.93501528773888,57.646410137748994,25.0,3.0,3.5,3.008676,2node_aggressive,,
205.0,75.13807883194382,57.83271196519727,25.0,2.8,3.5,2.812458,2node_aggressive,,
210.0,73.03083740948432,57.76266829603475,25.0,2.8,2.8,2.812458,2node_aggressive,,
215.0,72.12519720713223,57.47713637431385,25.0,2.8,2.8,2.812458,2node_aggressive,,
220.0,71.59414143432826,57.14950814487626,25.0,2.8,2.8,2.812458,2node_aggressive,,
225.0,71.1937838580589,56.82887653776421,25.0,2.8,2.8,2.812458,2node_aggressive,,
230.0,70.85106988326275,56.528082327631864,25.0,2.8,2.8,2.812458,2node_aggressive,,
235.0,70.54308103331522,56.24947595858071,25.0,2.8,2.8,2.812458,2node_aggressive,,
240.0,70.26169567421731,55.99244871573668,25.0,2.8,2.8,2.812458,2node_aggressive,,
245.0,70.00323522510955,55.755628353658146,25.0,2.8,2.8,2.812458,2node_aggressive,,
250.0,69.76542464152365,55.537513654281646,25.0,3.0,2.8,3.008676,2node_aggressive,,
255.0,71.8407089917847,55.578254287445915,25.0,3.0,3.5,3.008676,2node_aggressive,,
260.0,72.71693334246206,55.83680029292478,25.0,3.0,3.5,3.008676,2node_aggressive,,
265.0,73.2209051590728,56.139578050241575,25.0,3.0,3.5,3.008676,2node_aggressive,,
270.0,73.59632369497979,56.43732610124322,25.0,3.0,3.5,3.008676,2node_aggressive,,
275.0,73.91607305718755,56.71704812250146,25.0,3.0,3.5,3.008676,2node_aggressive,,
280.0,74.20291522469437,56.97625032845715,25.0,3.0,3.5,3.008676,2node_aggressive,,
285.0,74.46482786684366,57.21540940828925,25.0,3.0,3.5,3.008676,2node_aggressive,,
290.0,74.7053570382702,57.43577602365037,25.0,3.0,3.5,3.008676,2node_aggressive,,
295.0,74.9266557602116,57.63873943056041,25.0,3.0,3.5,3.008676,2node_aggressive,,
300.0,75.1303810324805,57.825648460054495,25.0,2.8,3.5,2.812458,2node_aggressive,,
305.0,73.02374895665197,57.756163927705316,25.0,2.8,2.8,2.812458,2node_aggressive,,
310.0,72.1186698659361,57.47114688233928,25.0,2.8,2.8,2.812458,2node_aggressive,,
315.0,71.58813078798575,57.14399277239169,25.0,2.8,2.8,2.812458,2node_aggressive,,
320.0,71.18824900575541,56.82379775415908,25.0,2.8,2.8,2.812458,2node_aggressive,,
325.0,70.84597316183289,56.52340557316425,25.0,2.8,2.8,2.812458,2node_aggressive,,
330.0,70.53838776095508,56.245169409207705,25.0,2.8,2.8,2.812458,2node_aggressive,,
335.0,70.25737391448423,55.98848306656041,25.0,2.8,2.8,2.812458,2node_aggressive,,
340.0,69.99925556960322,55.75197661951393,25.0,3.0,2.8,3.008676,2node_aggressive,,
345.0,72.05597443832413,55.77575258705174,25.0,3.0,3.5,3.008676,2node_aggressive,,
350.0,72.91514236583305,56.018668400416665,25.0,3.0,3.5,3.008676,2node_aggressive,,
355.0,73.40341946599915,56.30705076291356,25.0,3.0,3.5,3.008676,2node_aggressive,,
360.0,73.76438903578106,56.591542215821185,25.0,3.0,3.5,3.008676,2node_aggressive,,
365.0,74.07083418021789,56.85905680075914,25.0,3.0,3.5,3.008676,2node_aggressive,,
370.0,74.34542556205982,57.10701783148664,25.0,3.0,3.5,3.008676,2node_aggressive,,
375.0,74.596057257705,57.335825553100264,25.0,3.0,3.5,3.008676,2node_aggressive,,
380.0,74.82619849078434,57.546660203433966,25.0,3.0,3.5,3.008676,2node_aggressive,,
385.0,75.03793157575986,57.74084618027997,25.0,2.8,3.5,2.812458,2node_aggressive,,
390.0,72.93863398657058,57.67807098693753,25.0,2.8,2.8,2.812458,2node_aggressive,,
395.0,72.04029725090378,57.399234644905775,25.0,2.8,2.8,2.812458,2node_aggressive,,
400.0,71.51596343383522,57.07777270457276,25.0,2.8,2.8,2.812458,2node_aggressive,,
405.0,71.12179472393696,56.76281948334473,25.0,2.8,2.8,2.812458,2node_aggressive,,
410.0,70.78477942431235,56.46725422815491,25.0,2.8,2.8,2.812458,2node_aggressive,,
415.0,70.4820380659364,56.193462915665464,25.0,2.8,2.8,2.812458,2node_aggressive,,
420.0,70.20548478978873,55.9408695817941,25.0,2.8,2.8,2.812458,2node_aggressive,,
425.0,69.95147391569837,55.70813214844142,25.0,3.0,2.8,3.008676,2node_aggressive,,
430.0,72.01197511165941,55.73537878047435,25.0,3.0,3.5,3.008676,2node_aggressive,,
435.0,72.8746259622527,55.98149052570407,25.0,3.0,3.5,3.008676,2node_aggressive,,
440.0,73.36611028218569,56.27281583477764,25.0,3.0,3.5,3.008676,2node_aggressive,,
445.0,73.73003319282022,56.56001727489442,25.0,3.0,3.5,3.008676,2node_aggressive,,
450.0,74.03919789591939,56.830027328391374,25.0,3.0,3.5,3.008676,2node_aggressive,,
455.0,74.31629356010325,57.08028629001024,25.0,3.0,3.5,3.008676,2node_aggressive,,
460.0,74.56923130273424,57.311210041642035,25.0,3.0,3.5,3.008676,2node_aggressive,,
465.0,74.80149603946718,57.523993220129455,25.0,3.0,3.5,3.008676,2node_aggressive,,
470.0,75.01518453462958,57.71997348246918,25.0,2.8,3.5,2.812458,2node_aggressive,,
475.0,72.91768756819526,57.65885054158545,25.0,2.8,2.8,2.812458,2node_aggressive,,
480.0,72.02100892060002,57.38153566210632,25.0,2.8,2.8,2.812458,2node_aggressive,,
485.0,71.49820193975829,57.06147474755887,25.0,2.8,2.8,2.812458,2node_aggressive,,
490.0,71.10543920394755,56.74781164894902,25.0,2.8,2.8,2.812458,2node_aggressive,,
495.0,70.76971858354275,56.45343439214371,25.0,2.8,2.8,2.812458,2node_aggressive,,
500.0,70.46816941945893,56.18073703781128,25.0,2.8,2.8,2.812458,2node_aggressive,,
505.0,70.19271396523386,55.92915106595723,25.0,2.8,2.8,2.812458,2node_aggressive,,
510.0,69.93971401107645,55.69734125330693,25.0,3.0,2.8,3.008676,2node_aggressive,,
515.0,72.00114610401602,55.72544207693406,25.0,3.0,3.5,3.008676,2node_aggressive,,
520.0,72.86465416313428,55.972340397191346,25.0,3.0,3.5,3.008676,2node_aggressive,,
525.0,73.35692783620992,56.2643900171551,25.0,3.0,3.5,3.008676,2node_aggressive,,
530.0,73.72157761593809,56.552258432763495,25.0,3.0,3.5,3.008676,2node_aggressive,,
535.0,74.03141165022866,56.82288266494036,25.0,3.0,3.5,3.008676,2node_aggressive,,
540.0,74.30912366231846,57.073707187746415,25.0,3.0,3.5,3.008676,2node_aggressive,,
545.0,74.56262896364986,57.3051517315628,25.0,3.0,3.5,3.008676,2node_aggressive,,
550.0,74.7954163319604,57.518414477081514,25.0,3.0,3.5,3.008676,2node_aggressive,,
555.0,75.00958608794336,57.7148363446225,25.0,2.8,3.5,2.812458,2node_aggressive,,
560.0,72.9125322864217,57.65412005211334,25.0,2.8,2.8,2.812458,2node_aggressive,,
565.0,72.01626172344804,57.37717963131377,25.0,2.8,2.8,2.812458,2node_aggressive,,
570.0,71.49383052384154,57.057463533840384,25.0,2.8,2.8,2.812458,2node_aggressive,,
575.0,71.10141382296892,56.744117957085585,25.0,2.8,2.8,2.812458,2node_aggressive,,
580.0,70.76601184587888,56.450033087566204,25.0,2.8,2.8,2.812458,2node_aggressive,,
585.0,70.46475610176763,56.177604975566595,25.0,2.8,2.8,2.812458,2node_aggressive,,
590.0,70.18957084081607,55.926266933213164,25.0,2.8,2.8,2.812458,2node_aggressive,,
595.0,69.93681969182484,55.69468542432411,25.0,3.0,2.8,3.008676,2node_aggressive,,
0.0,39.708514101309106,26.372123804773757,25.08528608520637,3.3,4.5,3.2702999999999998,3node_balanced,,
5.0,46.30835540907841,28.49155600903877,25.444765034184748,3.3,4.5,3.2702999999999998,3node_balanced,,
10.0,49.998340827260776,30.40233053037942,26.043054937748558,3.3,4.5,3.2702999999999998,3node_balanced,,
15.0,52.44631662194049,32.015400651212104,26.792435797406064,3.3,4.5,3.2702999999999998,3node_balanced,,
20.0,54.275938786922964,33.39977070816363,27.624581100013714,3.3,4.5,3.2702999999999998,3node_balanced,,
25.0,55.762103060728805,34.627232140951065,28.49536572639203,3.3,4.5,3.2702999999999998,3node_balanced,,
30.0,57.042890223820514,35.74815046888095,29.378130364000075,3.3,4.5,3.2702999999999998,3node_balanced,,
35.0,58.193553147519324,36.79441377121092,30.257284151239457,3.3,4.5,3.2702999999999998,3node_balanced,,
40.0,59.256979082105026,37.78555787472383,31.12392807778612,3.3,4.5,3.2702999999999998,3node_balanced,,
45.0,60.25822818797902,38.73348353699508,31.97312996323047,3.3,4.5,3.2702999999999998,3node_balanced,,
50.0,61.212201500243275,39.64550972456992,32.8022869865967,3.3,4.5,3.2702999999999998,3node_balanced,,
55.0,62.1279150537117,40.52623680361933,33.61015609937158,3.3,4.5,3.2702999999999998,3node_balanced,,
60.0,63.010947898937644,41.378657304649614,34.39628357475297,3.3,4.5,3.2702999999999998,3node_balanced,,
65.0,63.864861989885334,42.204811733574736,35.16067038521592,3.3,4.5,3.2702999999999998,3node_balanced,,
70.0,64.69203048378502,43.00617423177515,35.903576236924216,3.3,4.5,3.2702999999999998,3node_balanced,,
75.0,65.49412223625023,43.783879046352304,36.62540495301271,3.3,4.5,3.2702999999999998,3node_balanced,,
80.0,66.27238560072003,44.538853504220455,37.326637536907086,3.3,4.5,3.2702999999999998,3node_balanced,,
85.0,67.0278148393117,45.27189615032198,38.00779316800053,3.3,4.5,3.2702999999999998,3node_balanced,,
90.0,67.76124781021564,45.983722742153006,38.66940655563534,3.3,4.5,3.2702999999999998,3node_balanced,,
95.0,68.47342340413599,46.67499340503303,39.31201487010354,3.3,4.5,3.2702999999999998,3node_balanced,,
100.0,69.16501539956576,47.34632874470474,39.93615027810338,3.3,4.5,3.2702999999999998,3node_balanced,,
105.0,69.83665249953035,47.998319485249745,40.54233575568023,3.3,4.5,3.2702999999999998,3node_balanced,,
110.0,70.48893026808636,48.631532308494826,41.131082815703586,3.3,4.5,3.2702999999999998,3node_balanced,,
115.0,71.1224183162183,49.24651346275778,41.702890351646765,3.3,4.5,3.2702999999999998,3node_balanced,,
120.0,71.73766469939288,49.84379105951145,42.258244130232576,3.3,4.5,3.2702999999999998,3node_balanced,,
125.0,72.33519867636106,50.42387659620364,42.79761665927733,3.3,4.5,3.2702999999999998,3node_balanced,,
130.0,72.91553250276164,50.987266020671406,43.32146727056658,3.3,4.5,3.2702999999999998,3node_balanced,,
135.0,73.4791626542262,51.53444052207198,43.830242324077844,3.3,4.5,3.2702999999999998,3node_balanced,,
140.0,74.02657071033876,52.06586715679602,44.324375478804704,3.3,4.5,3.2702999999999998,3node_balanced,,
145.0,74.55822403511151,52.58199937303797,44.804287998243076,3.3,4.5,3.2702999999999998,3node_balanced,,
150.0,75.07457633358436,53.08327747145774,45.27038907195573,3.0,4.5,3.008676,3node_balanced,,
155.0,72.30750944213342,53.26521262293098,45.70412367907109,3.0,3.5,3.008676,3node_balanced,,
160.0,71.3279371133668,53.26706792852032,46.063898556920364,3.0,3.5,3.008676,3node_balanced,,
165.0,70.9809821249239,53.30168355891074,46.357951274016294,3.0,3.5,3.008676,3node_balanced,,
170.0,70.8964154160553,53.38923931991403,46.606139301247104,3.0,3.5,3.008676,3node_balanced,,
175.0,70.93603858355502,53.51478128281182,46.82399996988767,3.0,3.5,3.008676,3node_balanced,,
180.0,71.03914421850665,53.66272521196701,47.0216823475396,3.0,3.5,3.008676,3node_balanced,,
185.0,71.17541727959949,53.822237553499335,47.20544432734424,3.0,3.5,3.008676,3node_balanced,,
190.0,71.32849384406427,53.986580524419864,47.379074546551436,3.0,3.5,3.008676,3node_balanced,,
195.0,71.48919201769989,54.151751257598136,47.54486524022306,3.0,3.5,3.008676,3node_balanced,,
200.0,71.6522814482099,54.31543382777378,47.70421806970967,3.0,3.5,3.008676,3node_balanced,,
205.0,71.81477962224547,54.47632102580255,47.858008265505525,3.0,3.5,3.008676,3node_balanced,,
210.0,71.97500234052639,54.633700588643634,48.00680034408863,3.0,3.5,3.008676,3node_balanced,,
215.0,72.13201998678139,54.787208627227976,48.15097512056408,3.0,3.5,3.008676,3node_balanced,,
220.0,72.28534226175522,54.93668414749622,48.29080430795389,3.0,3.5,3.008676,3node_balanced,,
225.0,72.43473437352588,55.08208359758771,48.426494296991834,3.0,3.5,3.008676,3node_balanced,,
230.0,72.58010962145997,55.223430783354026,48.55821185172269,3.0,3.5,3.008676,3node_balanced,,
235.0,72.72146657201314,55.360787553820614,48.686099203058795,3.0,3.5,3.008676,3node_balanced,,
240.0,72.85885231390304,55.494236665624946,48.8102829288526,3.0,3.5,3.008676,3node_balanced,,
245.0,72.99234097838382,55.623871783919114,48.93087919267745,3.0,3.5,3.008676,3node_balanced,,
250.0,73.12202119759645,55.74979166338667,49.04799684844417,3.0,3.5,3.008676,3node_balanced,,
255.0,73.24798879678734,55.87209677698243,49.16173929381633,3.0,3.5,3.008676,3node_balanced,,
260.0,73.3703425511061,55.990887377466976,49.27220558969448,3.0,3.5,3.008676,3node_balanced,,
265.0,73.48918173643023,56.1062623972032,49.379491148807894,3.0,3.5,3.008676,3node_balanced,,
270.0,73.60460473002591,56.21831883797294,49.48368817095589,3.0,3.5,3.008676,3node_balanced,,
275.0,73.71670822515586,56.32715144684864,49.584885928924905,3.0,3.5,3.008676,3node_balanced,,
280.0,73.82558680433245,56.43285255867007,49.683170966044905,3.0,3.5,3.008676,3node_balanced,,
285.0,73.93133272169814,56.53551203518373,49.778627241120134,3.0,3.5,3.008676,3node_balanced,,
290.0,74.0340358069747,56.63521725990032,49.87133624169329,3.0,3.5,3.008676,3node_balanced,,
295.0,74.13378343972042,56.73205316471236,49.96137707794337,3.0,3.5,3.008676,3node_balanced,,
300.0,74.23066056389324,56.82610227426348,50.04882656444648,3.0,3.5,3.008676,3node_balanced,,
305.0,74.32474972517149,56.91744475988814,50.133759294057114,3.0,3.5,3.008676,3node_balanced,,
310.0,74.41613112077597,57.006158498352704,50.216247706425825,3.0,3.5,3.008676,3node_balanced,,
315.0,74.5048826558112,57.09231913262809,50.296362152648676,3.0,3.5,3.008676,3node_balanced,,
320.0,74.59108000264321,57.17600013309371,50.37417095694504,3.0,3.5,3.008676,3node_balanced,,
325.0,74.67479666129734,57.257272858257,50.44974047591011,3.0,3.5,3.008676,3node_balanced,,
330.0,74.75610401971649,57.336206614473795,50.523135155680585,3.0,3.5,3.008676,3node_balanced,,
335.0,74.835071413221,57.412868714388004,50.59441758723214,3.0,3.5,3.008676,3node_balanced,,
340.0,74.91176618280633,57.48732453394634,50.66364855995457,3.0,3.5,3.008676,3node_balanced,,
345.0,74.98625373208387,57.5596375679223,50.730887113608546,3.0,3.5,3.008676,3node_balanced,,
350.0,75.05859758277133,57.629869483930676,50.796190588742164,2.8,3.5,2.812458,3node_balanced,,
355.0,72.84086834627058,57.484638694196114,50.84634795126482,2.8,2.8,2.812458,3node_balanced,,
360.0,71.88246612467672,57.221196875557176,50.85202778980552,2.8,2.8,2.812458,3node_balanced,,
365.0,71.3747442603803,56.988306358368845,50.81878648780266,2.8,2.8,2.812458,3node_balanced,,
370.0,71.05831652025446,56.79987372369308,50.76032039744032,2.8,2.8,2.812458,3node_balanced,,
375.0,70.83622464252034,56.645218253956386,50.687307638215394,2.8,2.8,2.812458,3node_balanced,,
380.0,70.66576038090425,56.51322414856395,50.606660242301075,2.8,2.8,2.812458,3node_balanced,,
385.0,70.52549628163834,56.39610703835661,50.52257195361725,2.8,2.8,2.812458,3node_balanced,,
390.0,70.40377663111471,56.28895537597561,50.437513411909855,2.8,2.8,2.812458,3node_balanced,,
395.0,70.29397892062008,56.1887776705393,50.352912995856556,2.8,2.8,2.812458,3node_balanced,,
400.0,70.19225233869369,56.09376874401411,50.26958075287648,2.8,2.8,2.812458,3node_balanced,,
405.0,70.09632501708933,56.002834816102975,50.1879631532768,2.8,2.8,2.812458,3node_balanced,,
410.0,70.00483920617266,55.915303712728964,50.10829395035768,2.8,2.8,2.812458,3node_balanced,,
415.0,69.91697051058553,55.830752117457685,50.03068295164047,3.0,2.8,3.008676,3node_balanced,,
420.0,72.12019813731595,55.962345073161735,49.96843482906473,3.0,3.5,3.008676,3node_balanced,,
425.0,73.06485373655214,56.212699556425015,49.950931685171845,3.0,3.5,3.008676,3node_balanced,,
430.0,73.5594223721705,56.43297194344989,49.97264278797676,3.0,3.5,3.008676,3node_balanced,,
435.0,73.86319127451421,56.60920380913114,50.01988288485708,3.0,3.5,3.008676,3node_balanced,,
440.0,74.07305648854818,56.75204140035924,50.0819765446037,3.0,3.5,3.008676,3node_balanced,,
445.0,74.23168571271111,56.872576342232584,50.15200960593892,3.0,3.5,3.008676,3node_balanced,,
450.0,74.36047866391884,56.978574973777505,50.22578348052014,3.0,3.5,3.008676,3node_balanced,,
455.0,74.47107093789484,57.074934523371034,50.30082119714026,3.0,3.5,3.008676,3node_balanced,,
460.0,74.57006949983116,57.16463444494805,50.375687275138915,3.0,3.5,3.008676,3node_balanced,,
465.0,74.66131240538664,57.24946932137586,50.44956421141599,3.0,3.5,3.008676,3node_balanced,,
470.0,74.74706050504516,57.33052328434338,50.521997967639265,3.0,3.5,3.008676,3node_balanced,,
475.0,74.82866165082044,57.40845951285345,50.59274724878856,3.0,3.5,3.008676,3node_balanced,,
480.0,74.90693109570708,57.48369280730379,50.661694810493884,3.0,3.5,3.008676,3node_balanced,,
485.0,74.982372111444,57.55649146358022,50.72879541665107,3.0,3.5,3.008676,3node_balanced,,
490.0,75.05530466952177,57.6270371654925,50.79404534634512,2.8,3.5,2.812458,3node_balanced,,
495.0,72.83794961107407,57.48201865859067,50.84419781967712,2.8,2.8,2.812458,3node_balanced,,
500.0,71.87979505932718,57.21872884494608,50.84990050868071,2.8,2.8,2.812458,3node_balanced,,
505.0,71.37224594027099,56.985954227549335,50.81669756627564,2.8,2.8,2.812458,3node_balanced,,
510.0,71.05594626039077,56.79761557016302,50.7582782016134,2.8,2.8,2.812458,3node_balanced,,
515.0,70.83395549431577,56.64304048533846,50.68531637067166,2.8,2.8,2.812458,3node_balanced,,
520.0,70.66357580752945,56.511118073661414,50.604721686832285,2.8,2.8,2.812458,3node_balanced,,
525.0,70.52338586680726,56.394066857941084,50.52068649666217,2.8,2.8,2.812458,3node_balanced,,
530.0,70.40173356478633,56.286977005238334,50.43568064032461,2.8,2.8,2.812458,3node_balanced,,
535.0,70.2919985255853,56.18685804872708,50.351132046527376,2.8,2.8,2.812458,3node_balanced,,
540.0,70.1903312069023,56.09190542946267,50.2678505169841,2.8,2.8,2.812458,3node_balanced,,
545.0,70.09446050316305,56.00102574846466,50.18628239543457,2.8,2.8,2.812458,3node_balanced,,
550.0,70.00302913016507,55.91354707315485,50.10666137790008,2.8,2.8,2.812458,3node_balanced,,
555.0,69.91521298332903,55.829046246173895,50.0290972547252,3.0,2.8,3.008676,3node_balanced,,
560.0,72.11849145759273,55.9606884206812,49.966894703692134,3.0,3.5,3.008676,3node_balanced,,
565.0,73.06319633035217,56.21109065447608,49.94943584621143,3.0,3.5,3.008676,3node_balanced,,
570.0,73.55781275661846,56.431409387469174,49.97118997635316,3.0,3.5,3.008676,3node_balanced,,
575.0,73.86162803626,56.607686247543725,50.01847187132781,3.0,3.5,3.008676,3node_balanced,,
580.0,74.0715382706448,56.75056752784867,50.08060613155256,3.0,3.5,3.008676,3node_balanced,,
585.0,74.23021120647618,56.871144895360324,50.15067862801938,3.0,3.5,3.008676,3node_balanced,,
590.0,74.35904660372967,56.977184727991705,50.22449080463666,3.0,3.5,3.008676,3node_balanced,,
595.0,74.46968009771365,57.07358429084109,50.299565722053174,3.0,3.5,3.008676,3node_balanced,,
0.0,39.708514101309106,26.372123804773757,25.08528608520637,3.3,4.5,3.2702999999999998,3node_policy,25.0,1.0
5.0,46.30835540907841,28.49155600903877,25.444765034184748,3.3,4.5,3.2702999999999998,3node_policy,25.0,1.0
10.0,49.998340827260776,30.40233053037942,26.043054937748558,3.3,4.5,3.2702999999999998,3node_policy,25.0,1.0
15.0,52.44631662194049,32.015400651212104,26.792435797406064,3.3,4.5,3.2702999999999998,3node_policy,25.0,1.0
20.0,54.275938786922964,33.39977070816363,27.624581100013714,3.3,4.5,3.2702999999999998,3node_policy,25.0,1.0
25.0,55.762103060728805,34.627232140951065,28.49536572639203,3.3,4.5,3.2702999999999998,3node_policy,25.0,1.0
30.0,57.042890223820514,35.74815046888095,29.378130364000075,3.3,4.5,3.2702999999999998,3node_policy,25.0,1.0
35.0,58.193553147519324,36.79441377121092,30.257284151239457,3.3,4.5,3.2702999999999998,3node_policy,25.0,1.0
40.0,59.256979082105026,37.78555787472383,31.12392807778612,3.3,4.5,3.2702999999999998,3node_policy,25.0,1.0
45.0,60.25822818797902,38.73348353699508,31.97312996323047,3.3,4.5,3.2702999999999998,3node_policy,25.0,1.0
50.0,61.212201500243275,39.64550972456992,32.8022869865967,3.3,4.5,3.2702999999999998,3node_policy,25.0,1.0
55.0,62.1279150537117,40.52623680361933,33.61015609937158,3.3,4.5,3.2702999999999998,3node_policy,25.0,1.0
60.0,63.010947898937644,41.378657304649614,34.39628357475297,3.3,4.5,3.2702999999999998,3node_policy,25.0,1.0
65.0,63.864861989885334,42.204811733574736,35.16067038521592,3.3,4.5,3.2702999999999998,3node_policy,25.0,1.0
70.0,64.69203048378502,43.00617423177515,35.903576236924216,3.3,4.5,3.2702999999999998,3node_policy,25.0,1.0
75.0,65.49412223625023,43.783879046352304,36.62540495301271,3.3,4.5,3.2702999999999998,3node_policy,25.0,1.0
80.0,66.27238560072003,44.538853504220455,37.326637536907086,3.3,4.5,3.2702999999999998,3node_policy,25.0,1.0
85.0,67.0278148393117,45.27189615032198,38.00779316800053,3.3,4.5,3.2702999999999998,3node_policy,25.0,1.0
90.0,67.76124781021564,45.983722742153006,38.66940655563534,3.3,4.5,3.2702999999999998,3node_policy,25.0,1.0
95.0,68.47342340413599,46.67499340503303,39.31201487010354,3.3,4.5,3.2702999999999998,3node_policy,25.0,1.0
100.0,69.16501539956576,47.34632874470474,39.93615027810338,3.3,4.5,3.2702999999999998,3node_policy,25.0,1.0
105.0,69.83665249953035,47.998319485249745,40.54233575568023,3.3,4.5,3.2702999999999998,3node_policy,25.0,1.0
110.0,70.48893026808636,48.631532308494826,41.131082815703586,3.3,4.5,3.2702999999999998,3node_policy,25.0,1.0
115.0,71.1224183162183,49.24651346275778,41.702890351646765,3.3,4.5,3.2702999999999998,3node_policy,25.0,1.0
120.0,71.73766469939288,49.84379105951145,42.258244130232576,3.3,4.5,3.2702999999999998,3node_policy,25.0,1.0
125.0,72.33519867636106,50.42387659620364,42.79761665927733,3.3,4.5,3.2702999999999998,3node_policy,25.0,1.0
130.0,72.91553250276164,50.987266020671406,43.32146727056658,3.3,4.5,3.2702999999999998,3node_policy,25.0,1.0
135.0,73.4791626542262,51.53444052207198,43.830242324077844,3.3,4.5,3.2702999999999998,3node_policy,25.0,1.0
140.0,74.02657071033876,52.06586715679602,44.324375478804704,3.3,4.5,3.2702999999999998,3node_policy,25.0,1.0
145.0,74.55822403511151,52.58199937303797,44.804287998243076,3.3,4.5,3.2702999999999998,3node_policy,25.0,1.0
150.0,75.07457633358436,53.08327747145774,45.27038907195573,3.3,4.5,2.48458,3node_policy,25.0,0.6
155.0,69.69266249078954,53.0212795020823,45.68896170836775,3.3,3.0439999999999996,2.48458,3node_policy,26.001183949977325,0.6
160.0,67.53978504064175,52.646346860246766,45.98482921750977,3.3,3.0439999999999996,2.48458,3node_policy,26.75954587919588,0.6
165.0,66.53683264452198,52.3412692423988,46.172519285083276,3.3,3.0439999999999996,2.48458,3node_policy,27.333978595282783,0.6
170.0,66.0170702388214,52.14205698192075,46.28748404837496,3.3,3.0439999999999996,2.48458,3node_policy,27.769091346328967,0.6
175.0,65.73142724365756,52.02148871247161,46.35740777432971,3.3,3.0439999999999996,2.48458,3node_policy,28.09867408216732,0.6
180.0,65.5703258965993,51.951217275797944,46.40028399618105,3.3,3.0439999999999996,2.48458,3node_policy,28.348321511486546,0.6
185.0,65.47890346203138,51.91145524792049,46.42711004041088,3.3,3.0439999999999996,2.48458,3node_policy,28.537420733589805,0.6
190.0,65.42741772894968,51.889795853982385,46.44444625299775,3.3,3.0439999999999996,2.48458,3node_policy,28.680656800140014,0.6
195.0,65.39906240310344,51.87876319098058,46.456166915283326,3.3,3.0439999999999996,2.48458,3node_policy,28.789153125680546,0.6
200.0,65.38415199256917,51.87392564341909,46.46455052069096,3.3,3.0439999999999996,2.48458,3node_policy,28.871335308836702,0.6
205.0,65.37705491109112,51.87267485254566,46.470935023443886,3.3,3.0439999999999996,2.48458,3node_policy,28.933585446753025,0.6
210.0,65.37448410875542,51.873480712444646,46.47610592642257,3.3,3.0439999999999996,2.48458,3node_policy,28.980737755462542,0.6
215.0,65.37451813808134,51.875447328623615,46.48052470727468,3.3,3.0439999999999996,2.48458,3node_policy,29.016453985033408,0.6
220.0,65.37603346355338,51.878050950416295,46.484462906137786,3.3,3.0439999999999996,2.48458,3node_policy,29.04350778345116,0.6
225.0,65.37837339863086,51.880985956383284,46.488080743760925,3.3,3.0439999999999996,2.48458,3node_policy,29.06400009234329,0.6
230.0,65.38115455723775,51.88407450844702,46.491473193409405,3.3,3.0439999999999996,2.48458,3node_policy,29.079522301729416,0.6
235.0,65.38415357632965,51.887213597514844,46.494696974275385,3.3,3.0439999999999996,2.48458,3node_policy,29.091279834055083,0.6
240.0,65.38724078691433,51.89034401667886,46.4977863656526,3.3,3.0439999999999996,2.48458,3node_policy,29.100185754787777,0.6
245.0,65.39034136767886,51.89343218531421,46.50076247167569,3.3,3.0439999999999996,2.48458,3node_policy,29.10693167917906,0.6
250.0,65.39341259241674,51.896459502491965,46.50363864931472,3.3,3.0439999999999996,2.48458,3node_policy,29.112041481664257,0.6
255.0,65.39643050353126,51.8994161112572,46.506423688820256,3.3,3.0439999999999996,2.48458,3node_policy,29.115911978859792,0.6
260.0,65.39938210674522,51.902297246755964,46.509123677573584,3.3,3.0439999999999996,2.48458,3node_policy,29.118843745514965,0.6
265.0,65.40226079988163,51.90510109791529,46.51174309268285,3.3,3.0439999999999996,2.48458,3node_policy,29.12106445652086,0.6
270.0,65.40506369603166,51.90782755570496,46.51428544177425,3.3,3.0439999999999996,2.48458,3node_policy,29.12274656766807,0.6
275.0,65.40779005637495,51.91047748071331,46.5167536391058,3.3,3.0439999999999996,2.48458,3node_policy,29.12402070820417,0.6
280.0,65.41044037297942,51.91305227490058,46.51915022661784,3.3,3.0439999999999996,2.48458,3node_policy,29.124985825228944,0.6
285.0,65.41301583231835,51.91555363150886,46.52147750413055,3.3,3.0439999999999996,2.48458,3node_policy,29.12571686772003,0.6
290.0,65.41551800177895,51.91798338930979,46.52373760630173,3.3,3.0439999999999996,2.48458,3node_policy,29.126270606914407,0.6
295.0,65.41794864677131,51.920343447948625,46.52593254837811,3.3,3.0439999999999996,2.48458,3node_policy,29.126690045044374,0.6
300.0,65.42030962431791,51.922635719056736,46.528064253647734,3.3,3.0439999999999996,2.48458,3node_policy,29.12700775480134,0.6
305.0,65.42260282142315,51.92486209829568,46.5301345701539,3.3,3.0439999999999996,2.48458,3node_policy,29.127248408863196,0.6
310.0,65.42483011965365,51.92702444964306,46.532145281101336,3.3,3.0439999999999996,2.48458,3node_policy,29.12743069592306,0.6
315.0,65.42699337505157,51.92912459683036,46.53409811154935,3.3,3.0439999999999996,2.48458,3node_policy,29.127568772014264,0.6
320.0,65.42909440701183,51.931164318951375,46.53599473291258,3.3,3.0439999999999996,2.48458,3node_policy,29.127673359838415,0.6
325.0,65.43113499239108,51.93314534849601,46.53783676616126,3.3,3.0439999999999996,2.48458,3node_policy,29.127752581468066,0.6
330.0,65.43311686266279,51.93506937078721,46.53962578424323,3.3,3.0439999999999996,2.48458,3node_policy,29.12781258908994,0.6
335.0,65.43504170284038,51.936938024222975,46.54136331403431,3.3,3.0439999999999996,2.48458,3node_policy,29.12785804277095,0.6
340.0,65.43691115141796,51.938752900973384,46.54305083799709,3.3,3.0439999999999996,2.48458,3node_policy,29.12789247234927,0.6
345.0,65.43872680089144,51.94051554792828,46.544689795654165,3.3,3.0439999999999996,2.48458,3node_policy,29.127918551554234,0.6
350.0,65.44049019860324,51.942227467776014,46.54628158493816,3.3,3.0439999999999996,2.48458,3node_policy,29.12793830564257,0.6
355.0,65.44220284776121,51.943890120144566,46.547827563455506,3.3,3.0439999999999996,2.48458,3node_policy,29.12795326867563,0.6
360.0,65.44386620854434,51.94550492276346,46.54932904968628,3.3,3.0439999999999996,2.48458,3node_policy,29.127964602651385,0.6
365.0,65.4454816992449,51.94707325262479,46.55078732413317,3.3,3.0439999999999996,2.48458,3node_policy,29.127973187742786,0.6
370.0,65.4470506974174,51.94859644712906,46.552203630427826,3.3,3.0439999999999996,2.48458,3node_policy,29.127979690650147,0.6
375.0,65.44857454101815,51.950075805209245,46.55357917639996,3.3,3.0439999999999996,2.48458,3node_policy,29.127984616375706,0.6
380.0,65.45005452952526,51.95151258842869,46.554915135112246,3.3,3.0439999999999996,2.48458,3node_policy,29.12798834744105,0.6
385.0,65.45149192503486,51.952908022051396,46.55621264586363,3.3,3.0439999999999996,2.48458,3node_policy,29.12799117359294,0.6
390.0,65.45288795333019,51.954263296083475,46.55747281516256,3.3,3.0439999999999996,2.48458,3node_policy,29.127993314304444,0.6
395.0,65.45424380492283,51.95557956628609,46.558696717671694,3.3,3.0439999999999996,2.48458,3node_policy,29.12799493581876,0.6
400.0,65.4555606360655,51.95685795515995,46.55988539712481,3.3,3.0439999999999996,2.48458,3node_policy,29.127996164059304,0.6
405.0,65.45683956973673,51.95809955290183,46.561039867217396,3.3,3.0439999999999996,2.48458,3node_policy,29.127997094408688,0.6
410.0,65.45808169659753,51.9593054183339,46.562161112471166,3.3,3.0439999999999996,2.48458,3node_policy,29.127997799115903,0.6
415.0,65.45928807592117,51.96047657980654,46.563250089073875,3.3,3.0439999999999996,2.48458,3node_policy,29.127998332907044,0.6
420.0,65.46045973649605,51.96161403607506,46.56430772569477,3.3,3.0439999999999996,2.48458,3node_policy,29.12799873723522,0.6
425.0,65.46159767750308,51.96271875715144,46.56533492427657,3.3,3.0439999999999996,2.48458,3node_policy,29.127999043499713,0.6
430.0,65.4627028693676,51.963791685131376,46.566332560804696,3.3,3.0439999999999996,2.48458,3node_policy,29.127999275484388,0.6
435.0,65.46377625458676,51.964833734997825,46.567301486054326,3.3,3.0439999999999996,2.48458,3node_policy,29.12799945120469,0.6
440.0,65.46481874853339,51.96584579540118,46.568242526315885,3.3,3.0439999999999996,2.48458,3node_policy,29.12799958430669,0.6
445.0,65.46583124023667,51.96682872941709,46.569156484099764,3.3,3.0439999999999996,2.48458,3node_policy,29.127999685126813,0.6
450.0,65.46681459313997,51.96778337528251,46.570044138820634,3.3,3.0439999999999996,2.48458,3node_policy,29.12799976149454,0.6
455.0,65.46776964583755,51.968710547110554,46.570906247462204,3.3,3.0439999999999996,2.48458,3node_policy,29.12799981934043,0.6
460.0,65.46869721278932,51.96961103558473,46.571743545222674,3.3,3.0439999999999996,2.48458,3node_policy,29.127999863156678,0.6
465.0,65.46959808501587,51.970485608633155,46.57255674614178,3.3,3.0439999999999996,2.48458,3node_policy,29.127999896345955,0.6
470.0,65.4704730307726,51.971335012083635,46.573346543709675,3.3,3.0439999999999996,2.48458,3node_policy,29.127999921485674,0.6
475.0,65.47132279620507,51.9721599702995,46.57411361145839,3.3,3.0439999999999996,2.48458,3node_policy,29.127999940528138,0.6
480.0,65.47214810598531,51.97296118679741,46.574858603536114,3.3,3.0439999999999996,2.48458,3node_policy,29.127999954952138,0.6
485.0,65.47294966392985,51.973739344847345,46.575582155265195,3.3,3.0439999999999996,2.48458,3node_policy,29.127999965877816,0.6
490.0,65.47372815359984,51.974495108055244,46.576284883683776,3.3,3.0439999999999996,2.48458,3node_policy,29.127999974153635,0.6
495.0,65.47448423888396,51.975229120928915,46.576967388072134,3.3,3.0439999999999996,2.48458,3node_policy,29.12799998042228,0.6
500.0,65.47521856456474,51.9759420094277,46.57763025046363,3.3,3.0439999999999996,2.48458,3node_policy,29.12799998517056,0.6
505.0,65.47593175686829,51.97663438149628,46.57827403614114,3.3,3.0439999999999996,2.48458,3node_policy,29.12799998876722,0.6
510.0,65.47662442399832,51.97730682758311,46.5788992941191,3.3,3.0439999999999996,2.48458,3node_policy,29.12799999149156,0.6
515.0,65.47729715665493,51.97795992114391,46.57950655761167,3.3,3.0439999999999996,2.48458,3node_policy,29.127999993555154,0.6
520.0,65.47795052853829,51.978594219130834,46.5800963444875,3.3,3.0439999999999996,2.48458,3node_policy,29.127999995118255,0.6
525.0,65.4785850968378,51.97921026246728,46.58066915771138,3.3,3.0439999999999996,2.48458,3node_policy,29.127999996302247,0.6
530.0,65.47920140270742,51.979808576509235,46.58122548577304,3.3,3.0439999999999996,2.48458,3node_policy,29.12799999719908,0.6
535.0,65.47979997172703,51.98038967149337,46.58176580310392,3.3,3.0439999999999996,2.48458,3node_policy,29.1279999978784,0.6
540.0,65.48038131435075,51.980954042972016,46.58229057048155,3.3,3.0439999999999996,2.48458,3node_policy,29.127999998392962,0.6
545.0,65.48094592634212,51.981502172236034,46.58280023542268,3.3,3.0439999999999996,2.48458,3node_policy,29.127999998782723,0.6
550.0,65.48149428919703,51.98203452672483,46.58329523256482,3.3,3.0439999999999996,2.48458,3node_policy,29.127999999077954,0.6
555.0,65.48202687055415,51.98255156042542,46.583775984036954,3.3,3.0439999999999996,2.48458,3node_policy,29.127999999301583,0.6
560.0,65.48254412459394,51.98305371425932,46.58424289981943,3.3,3.0439999999999996,2.48458,3node_policy,29.127999999470973,0.6
565.0,65.48304649242587,51.98354141645862,46.584696378093696,3.3,3.0439999999999996,2.48458,3node_policy,29.12799999959928,0.6
570.0,65.48353440246446,51.98401508293123,46.58513680558178,3.3,3.0439999999999996,2.48458,3node_policy,29.127999999696467,0.6
575.0,65.48400827079487,51.9844751176155,46.58556455787615,3.3,3.0439999999999996,2.48458,3node_policy,29.127999999770083,0.6
580.0,65.48446850152764,51.98492191282473,46.58597999975996,3.3,3.0439999999999996,2.48458,3node_policy,29.127999999825846,0.6
585.0,65.48491548714324,51.98535584958168,46.58638348551817,3.3,3.0439999999999996,2.48458,3node_policy,29.127999999868084,0.6
590.0,65.48534960882678,51.98577729794358,46.586775359239695,3.3,3.0439999999999996,2.48458,3node_policy,29.12799999990008,0.6
595.0,65.48577123679324,51.98618661731768,46.58715595511082,3.3,3.0439999999999996,2.48458,3node_policy,29.127999999924313,0.6
